categories,totalexpenses,percentbudget,the_album_project
manufacturing,28139.25,33.239999999999995,ALB22171PROJ1
artist-advances,13233.12,15.629999999999999,ALB22171PROJ1
marketing,5823.45,6.88,ALB22171PROJ1
produccion-audiovisual,3602.43,4.26,ALB22171PROJ1
production,3338.73,3.94,ALB22171PROJ1
recording,2857.46,3.38,ALB22171PROJ1
lp-manufacturing,1685.07,1.9900000000000002,ALB22171PROJ1
pr-marketing,1642.28,1.94,ALB22171PROJ1
legal,1484.78,1.7500000000000002,ALB22171PROJ1
promotion,1354.35,1.6,ALB22171PROJ1
slj-marketing,1303.54,1.54,ALB22171PROJ1
marketing-costs,1175.28,1.39,ALB22171PROJ1
shipping,1155.76,1.37,ALB22171PROJ1
music-video,1143.68,1.35,ALB22171PROJ1
pr,1106.45,1.31,ALB22171PROJ1
ads,1085.86,1.28,ALB22171PROJ1
fabrication,980.18,1.16,ALB22171PROJ1
eventos,832.02,0.98,ALB22171PROJ1
p-r,760.62,0.89999999999999991,ALB22171PROJ1
mechanicals,727.34,0.86,ALB22171PROJ1
produccion-musical,707.15,0.84,ALB22171PROJ1
advance,695.84,0.82000000000000006,ALB22171PROJ1
medios-convencionales,634.15,0.75,ALB22171PROJ1
opening-balance,633.99,0.75,ALB22171PROJ1
musikkvideo,608.23,0.72,ALB22171PROJ1
distro-chargebacks,560.23,0.66,ALB22171PROJ1
freight,541.64,0.64,ALB22171PROJ1
mastering,428.85,0.51,ALB22171PROJ1
advertising,425.88,0.5,ALB22171PROJ1
combined-expenses,422.2,0.5,ALB22171PROJ1
a-r,402.77,0.48,ALB22171PROJ1
merchandise,386.73,0.45999999999999996,ALB22171PROJ1
cost-of-goods,377.3,0.44999999999999996,ALB22171PROJ1
artist-product,370.25,0.44,ALB22171PROJ1
advertising-and-promotion,358.79,0.42,ALB22171PROJ1
video,347.92,0.41000000000000003,ALB22171PROJ1
distribution,336.15,0.4,ALB22171PROJ1
video-visual-production,342.68,0.4,ALB22171PROJ1
artwork,326.69,0.38999999999999996,ALB22171PROJ1
tik-tok-marketing,327.23,0.38999999999999996,ALB22171PROJ1
outstanding-recoupment,314.96,0.37,ALB22171PROJ1
otros,313.85,0.37,ALB22171PROJ1
distro-chargeback,313.62,0.37,ALB22171PROJ1
press,304.8,0.36,ALB22171PROJ1
marketing-expenses,285.33,0.33999999999999997,ALB22171PROJ1
vinyl,237.3,0.27999999999999997,ALB22171PROJ1
tiktok,220.02,0.26,ALB22171PROJ1