,genres,popularity
512,circuit,82.0
1118,guaracha,82.0
2141,russian dance,79.0
34,afroswing,77.625
2104,ritmo kombina,77.33333333333333
806,dong-yo,77.0
478,chinese hip hop,76.0
1240,indie triste,76.0
850,dutch trap pop,75.46666666666667
1677,musica canaria,75.33333333333333
2462,trap chileno,75.33333333333333
41,alberta hip hop,75.0
1806,norwegian pop rap,75.0
2091,reggaeton chileno,74.0
2348,swedish dancehall,73.33333333333333
93,arab trap,73.0
1119,guatemalan pop,73.0
2111,rock chapin,73.0
2461,trap argentino,72.72916666666666
2556,venezuelan hip hop,72.5111111111111
1454,korean ost,72.0
2507,uk drill,72.0
293,brazilian edm,71.8
841,dutch hip hop,71.36190476190475
206,basshall,71.16666666666666
1016,funk ostentacao,71.0
2354,swedish gangsta rap,71.0
247,birmingham grime,70.75
100,argentine hip hop,70.58333333333333
2463,trap espanol,70.44444444444444
1097,gqom,70.2
1181,hong kong hip hop,70.0
1354,japanese indie rock,70.0
1461,kwaito house,70.0
809,doujin,70.0
438,channel islands indie,69.0
1058,german pop rock,68.8
1279,irish hip hop,68.5
479,chinese idol pop,68.5
1244,indonesian hip hop,68.5
1247,indonesian r&b,68.4
2464,trap latino,68.18697242227475
1258,instrumental grime,68.125
1111,groove room,68.0
1512,london rap,68.0
1511,lo-fi house,68.0
729,deep dance pop,67.5
476,chinese electropop,67.0
1243,indonesian alternative rock,67.0
1067,german underground rap,67.0
1409,jordanian pop,67.0
2509,uk funky,66.77777777777777
1965,pop nacional,66.64285714285714
2216,shush,66.33333333333333
775,dembow,66.16666666666667
2176,scandinavian r&b,66.0909090909091
2295,spanish indie pop,66.0
2658,zimdancehall,66.0
2656,zen,66.0
1192,huapango,66.0
1417,k-pop,65.90888385907203
2360,swedish indie folk,65.5925925925926
1318,italo dance,65.56666666666666
2265,sound effects,65.54166666666667
2503,uk dance,65.4479550125513
132,australian alternative pop,65.3611111111111
1051,german house,65.25
1418,k-pop boy group,65.1750559193683
2059,r&b en espanol,65.14166666666665
1245,indonesian indie,65.0
1894,pakistani hip hop,65.0
1673,musica afroperuana,65.0
2211,shimmer psych,65.0
2429,thai indie pop,65.0
1049,german dance,64.90333333333334
114,asmr,64.8888888888889
1766,new york drill,64.74107142857143
783,destroy techno,64.63888888888889
2445,toronto rap,64.58851146896012
1911,peruvian hip hop,64.53333333333333
1013,funk carioca,64.33333333333333
1022,future house,64.27777777777779
1958,pop argentino,64.25384615384615
2177,scandipop,64.24699110413395
1802,norwegian indie,64.12409812409813
820,drone ambient,64.0
887,electronic djent,64.0
607,concepcion indie,64.0
224,belarusian indie,64.0
2287,sovietwave,64.0
779,derby indie,64.0
364,cambridgeshire indie,64.0
929,experimental house,64.0
1280,irish indie,64.0
222,bedroom pop,63.825801981470015
1419,k-pop girl group,63.67576932111815
2511,uk hip hop,63.54476190476191
2377,swedish tropical house,63.5
2384,swiss pop,63.5
891,electronica argentina,63.33333333333334
1783,nordic house,63.05555555555557
1219,indie cafe pop,63.04942528735632
1213,indian edm,63.0
2611,wave,63.0
1665,moroccan pop,63.0
144,australian indie rock,63.0
2070,rap dominicano,62.94444444444444
1068,ghanaian hip hop,62.91666666666667
184,baltimore hip hop,62.91666666666666
1574,meme rap,62.832825091575096
1536,manchester hip hop,62.6
1746,new french touch,62.54925925925927
173,background music,62.5095238095238
152,australian r&b,62.5
804,dmv rap,62.46601874827682
1282,irish pop,62.44285714285714
986,francoton,62.38095238095238
1613,mindfulness,62.333333333333336
756,deep pop edm,62.3
2092,reggaeton flow,62.26946030324128
2592,viral trap,62.100470957613815
1340,japanese chillhop,62.09051036682615
896,emo rap,62.06655364583925
1594,mexican pop punk,62.0
2523,ukg revival,62.0
1357,japanese jazztronica,62.0
2105,rochester mn indie,62.0
1322,j-dance,62.0
1488,latincore,62.0
2502,uk contemporary r&b,61.88164335664335
2559,veracruz indie,61.78947368421053
1874,orlando indie,61.71428571428572
2628,white noise,61.620512820512815
2514,uk pop,61.571577937514
314,brisbane indie,61.5
1361,japanese post-hardcore,61.5
113,asian american hip hop,61.32380952380952
444,charlotte nc indie,61.25
1235,indie rockism,61.2
1961,pop edm,61.07184806344099
2373,swedish soul,61.04545454545455
382,canadian house,61.0
998,french indie pop,61.0
1457,korean trap,61.0
2007,progressive alternative,61.0
1117,guam indie,61.0
1323,j-division,61.0
946,finnish alternative rock,61.0
927,experimental folk,61.0
2546,vapor trap,60.96404948485601
1592,mexican indie,60.9287037037037
2476,tropical house,60.88078972892711
2190,scream rap,60.833333333333336
215,bc underground hip hop,60.8
1509,lo-fi beats,60.67091020091021
1133,hamburg electronic,60.66666666666666
2125,romanian hip hop,60.66666666666666
1572,melodic rap,60.658977865705474
2081,rebel blues,60.64550264550265
771,deep tropical house,60.64087301587301
2358,swedish house,60.5
2351,swedish electronic,60.5
1033,gaming edm,60.39863945578233
1041,gauze pop,60.27632275132275
1805,norwegian pop,60.25214285714286
2073,rap latina,60.20561283954141
1221,indie electropop,60.12515262515262
1704,nashville indie,60.120000000000005
2252,social media pop,60.0075287918958
1638,modern jangle pop,60.0
2035,psychill,60.0
248,birmingham hip hop,60.0
1299,italian contemporary jazz,60.0
563,classical accordion,60.0
1200,icelandic electronic,60.0
2263,sound,59.977777777777774
1347,japanese emo,59.94444444444444
2610,water,59.941666666666656
127,aussietronica,59.895833333333336
1844,oakland indie,59.87878787878788
741,deep groove house,59.87719298245613
872,edmonton indie,59.875
170,azonto,59.8
1957,pop,59.69112709038907
158,australian trap,59.66666666666666
2466,trap soul,59.63664147140339
1233,indie r&b,59.61243316457714
1246,indonesian pop,59.6
1463,la pop,59.581704260651634
706,dark trap,59.541942937829766
2090,reggaeton,59.516906623903566
381,canadian hip hop,59.34112711067381
1218,indie anthem-folk,59.29688852813853
2465,trap queen,59.2802684020486
1849,okinawan pop,59.25
104,argentine reggae,59.17777777777778
636,country pop,59.1167489169776
903,environmental,59.11581716019742
963,focus,59.09143247462919
2274,south african pop,59.083333333333336
240,bergen indie,59.07407407407408
2071,rap espanol,59.0
1224,indie game soundtrack,59.0
129,austin hip hop,59.0
2622,west virginia indie,59.0
2235,slavic folk metal,59.0
1320,j-acoustic,59.0
2403,talent show,58.977302156674384
1881,ottawa rap,58.97362687765164
1833,nyc pop,58.91512345679012
448,chicago drill,58.84253297250218
2219,singaporean singer-songwriter,58.83333333333333
141,australian house,58.785714285714285
1557,medieval rock,58.71428571428572
2294,spanish folk metal,58.71428571428572
2347,swedish country,58.7
1723,neo-singer-songwriter,58.67261904761904
2591,viral pop,58.64395294228133
1107,grime,58.603125000000006
1065,german techno,58.60087719298245
2272,south african hip hop,58.6
4,abstract beats,58.6
360,calming instrumental,58.59983926059876
1931,pinoy reggae,58.54497354497354
1690,musical advocacy,58.5
1560,melbourne bounce,58.5
1136,hands up,58.5
1840,nz pop,58.428708264915166
2545,vapor soul,58.414968940273816
950,finnish edm,58.375
692,danish pop,58.35714285714285
1927,pinoy indie,58.35
1229,indie poptimism,58.25645661348475
205,bass trap,58.17443609022556
64,ambient worship,58.10745614035088
871,edm,58.10450419517214
722,deep big room,58.10174603174603
876,electra,58.04861111111112
2366,swedish pop,58.04554079771543
1907,perreo,58.044394298049966
81,anime rock,58.037114845938376
53,alternative r&b,58.0178612832236
1711,nc hip hop,58.01018011614667
1653,modern uplift,58.0
1771,nightcore,58.0
2481,tulsa indie,58.0
483,chinese jazz,58.0
1756,new orleans indie,58.0
670,cymraeg,58.0
2066,rap chileno,58.0
470,chillhop,57.96366574330563
817,drill,57.9358227128104
229,belgian edm,57.89814814814815
223,bedroom soul,57.89599431818182
245,big room,57.89563412183783
627,corridos tumbados,57.884514818110944
1842,nz reggae,57.825
439,channel pop,57.82142857142857
839,dutch edm,57.81746031746032
2175,saskatchewan indie,57.80555555555555
1494,leicester indie,57.8
1346,japanese electropop,57.785714285714285
2439,tipico,57.78448275862069
1333,j-rock,57.78181818181818
892,electropop,57.74970667878471
2067,rap conciencia,57.72407407407408
2544,vapor pop,57.71764705882353
1975,popgaze,57.65
1230,indie psych-pop,57.642857142857146
2467,traprun,57.616666666666674
400,cancion infantil mexicana,57.6
880,electro house,57.59167488657992
2547,vapor twitch,57.53222703222704
735,deep euro house,57.473333333333336
668,cumbia villera,57.40740740740742
1339,japanese alternative rock,57.4
207,bassline,57.375
426,celtic metal,57.35714285714286
117,atl trap,57.354076380981866
1834,nyc rap,57.31967781501754
2268,south african alternative,57.3
605,complextro,57.29341848773982
359,cali rap,57.252206292988106
1770,nigerian pop,57.24444444444445
2420,teen pop,57.17380952380952
377,canadian electropop,57.13214285714286
234,belgian pop,57.09230769230769
1021,future garage,57.016666666666666
1767,newcastle indie,57.0
1928,pinoy pop punk,57.0
1562,melbourne indie,57.0
1808,norwegian rock,57.0
208,bath indie,57.0
1295,italian arena pop,57.0
666,cumbia santafesina,57.0
2240,slovak pop,57.0
471,chillstep,56.97380050505051
1432,kentucky indie,56.95522388059702
275,boston indie,56.95517241379311
1997,post-teen pop,56.937325154748976
999,french indietronica,56.92857142857143
1977,popwave,56.91666666666666
2531,underground hip hop,56.89987748480589
1420,k-rap,56.89950738916256
1963,pop folk,56.83854166666667
246,binaural,56.833333333333336
420,catstep,56.73566433566434
459,chihuahua indie,56.66666666666666
802,diy emo,56.66666666666666
679,dakke dak,56.66666666666666
1520,lullaby,56.64238683127572
870,ecuadorian pop,56.61011904761905
1660,montreal indie,56.59259259259259
2106,rochester ny indie,56.583333333333336
2094,regional mexican pop,56.57337501278672
376,canadian electronic,56.570378151260506
1199,icelandic classical,56.535714285714285
39,albanian pop,56.5
1358,japanese metalcore,56.5
2549,variete francaise,56.5
11,acid trance,56.5
974,folk-pop,56.48757253696319
1611,military rap,56.48703703703704
433,chamber folk,56.44444444444445
1190,house,56.44316644160452
2224,ska argentino,56.41112637362638
2499,uk alternative hip hop,56.40952380952381
1238,indie soul,56.39865701340809
532,classic hardstyle,56.33333333333334
2148,russian post-punk,56.31111111111111
2504,uk dancehall,56.31111111111111
1662,moombahton,56.25529352882294
2488,turkish pop,56.21212121212121
143,australian indie folk,56.2037037037037
140,australian hip hop,56.19791666666666
1614,minecraft,56.14285714285713
148,australian pop,56.13893542032199
2126,romanian pop,56.11111111111112
2660,zouglou,56.0
2617,west australian hip hop,56.0
2353,swedish eurodance,56.0
1694,musique peule,56.0
1529,malaysian indie,56.0
1326,j-pixie,55.99553571428572
889,electronic trap,55.92486772486773
1486,latin viral pop,55.90963203463203
1456,korean r&b,55.9064039408867
2632,witch house,55.875
1497,lgbtq+ hip hop,55.87151243435489
1205,icelandic rock,55.86519607843137
2053,quebec indie,55.85416666666666
1427,kawaii future bass,55.85227272727273
1527,mainland chinese pop,55.833333333333336
1809,norwegian singer-songwriter,55.75
907,escape room,55.7058240657744
517,classic belgian pop,55.66666666666667
661,cumbia paraguaya,55.66666666666667
1483,latin ska,55.66666666666666
294,brazilian hip hop,55.66666666666666
142,australian indie,55.63605697151424
1057,german pop,55.6342383107089
1878,otacore,55.6101186234445
911,estonian pop,55.6
97,argentine ambient,55.6
787,detroit trap,55.56105169340463
2554,vegas indie,55.52991452991453
2239,sleep,55.51186338158816
2212,shiver pop,55.50778089013382
389,canadian modern jazz,55.5
842,dutch house,55.49675324675325
1076,glee club,55.49473684210525
2170,san diego indie,55.49074074074073
203,bass house,55.4298245614035
346,bubble trance,55.4
1593,mexican pop,55.38774573181347
1705,nashville singer-songwriter,55.3618447018447
2218,singaporean pop,55.34848484848485
159,australian underground hip hop,55.333333333333336
1964,pop house,55.32222222222223
977,folklore peruano,55.25
757,deep pop r&b,55.239027706227645
228,belgian dance,55.21666666666668
1627,modern alternative rock,55.21217374250201
1470,latin,55.20571618203239
2352,swedish electropop,55.184945678676335
687,danish electronic,55.16666666666666
80,anime latino,55.142857142857146
1993,post-punk argentina,55.1319413919414
1329,j-poprock,55.11369047619047
615,contemporary country,55.02472316550233
510,cincinnati indie,55.0
1451,kora,55.0
146,australian metal,55.0
61,ambient idm,55.0
1222,indie emo,55.0
2593,virgin islands reggae,55.0
2650,yoga,55.0
1968,pop quebecois,55.0
1014,funk das antigas,55.0
685,dangdut,55.0
2378,swedish underground rap,55.0
1807,norwegian punk rock,55.0
1160,heavy alternative,55.0
1644,modern psychedelic folk,55.0
2299,spanish pop,54.98035078096998
2246,small room,54.95833333333333
151,australian psych,54.94592592592593
1482,latin rock,54.91232498101843
942,filter house,54.9041851637393
681,dance pop,54.83874328907228
1531,malaysian pop,54.83333333333334
1228,indie pop rap,54.82870133338884
347,bubblegum dance,54.82290249433108
650,cuarteto,54.8
2460,trap,54.78694232961863
2241,slovenian electronic,54.75
1910,perth indie,54.75
1936,pittsburgh indie,54.75
2345,swedish americana,54.74285714285715
1969,pop rap,54.69629503598701
343,brostep,54.60375787261152
40,alberta country,54.55648148148149
913,etherpop,54.55535968592638
1472,latin alternative,54.545548438904056
153,australian reggae fusion,54.54166666666666
960,florida rap,54.54085797658446
194,barbadian pop,54.52985739750445
105,argentine rock,54.5244391025641
928,experimental hip hop,54.50601779173208
1019,funky tech house,54.5
1092,gothic americana,54.5
2178,schlager,54.5
2359,swedish idol pop,54.5
1473,latin arena pop,54.489823822221936
2012,progressive house,54.48321462707372
2112,rock cristiano,54.41250000000001
970,folk metal,54.375
1595,mexican rock,54.364776119886265
464,chilean hardcore,54.33333333333334
2114,rock en espanol,54.26273548969896
2652,york indie,54.25
1817,nu disco,54.2457264957265
2217,singaporean mandopop,54.22510822510822
2275,south african rock,54.21875
1079,glitch pop,54.2
1327,j-pop,54.18145562770562
373,canadian contemporary country,54.10961538461538
1186,hopebeat,54.067708333333336
2226,ska mexicano,54.04578123739615
2087,reggae en espanol,54.00436507936508
2651,yoik,54.0
2152,russian shoegaze,54.0
25,afro house,54.0
987,frankfurt electronic,54.0
1490,latintronica,54.0
939,fidget house,54.0
708,darksynth,54.0
1796,norwegian choir,54.0
1499,liedermacher,54.0
793,digital hardcore,54.0
445,charlottesville indie,54.0
374,canadian contemporary r&b,53.963776624490905
1324,j-idol,53.94444444444444
454,chicago rap,53.92635746038185
119,atmosphere,53.90816326530612
1242,indietronica,53.89837911409572
1241,indiecoustica,53.875551103283485
1790,north carolina emo,53.86666666666666
849,dutch trance,53.833333333333336
1197,hyperpop,53.828125
663,cumbia pop,53.8
1811,nottingham indie,53.75555555555555
1208,idol rock,53.75
1587,metropopolis,53.72526916348714
43,albuquerque indie,53.67948717948718
984,fort worth indie,53.66666666666666
125,auckland indie,53.66666666666666
390,canadian pop,53.66457458480427
1920,piano cover,53.66153846153846
2010,progressive electro house,53.660751310093424
2318,stomp pop,53.62283006848224
1020,future funk,53.61833333333334
1602,miami metal,53.6
168,axe,53.58333333333333
52,alternative pop rock,53.50000000000001
1330,j-punk,53.5
1664,morna,53.5
1431,kent indie,53.5
414,cape verdean folk,53.5
719,deathstep,53.5
626,corrido,53.49978913282485
1793,northern irish indie,53.46666666666667
2039,puerto rican pop,53.45941553116022
2393,synthwave,53.44444444444444
1227,indie pop,53.418829793856936
1716,neo r&b,53.39080459770115
1956,pony,53.366666666666674
137,australian dance,53.35797065053489
1137,hangpan,53.33333333333334
1996,post-screamo,53.30983245149911
